ntp_event_timestamp,ntp_offset_ms,ntp_uncertainty_ms,correction_method,error_ms,interval_start,interval_end,interval_duration_s,measurement_timestamp,time_since_interval_start_s,offset_before_correction_ms,offset_after_correction_ms,correction_delta_ms,was_corrected
1760487974.1205916,-4.308780034383138,14.48202133178711,backtracking,-0.6147032448401051,1760487793,1760487974.1205916,181.1205916404724,1760487793,0,-4.812399546305339,-4.812399546305339,0.0,False
1760487974.1205916,-4.308780034383138,14.48202133178711,backtracking,-0.6147032448401051,1760487793,1760487974.1205916,181.1205916404724,1760487794,1,-4.812399546305339,-4.812399546305339,0.0,False
1760487974.1205916,-4.308780034383138,14.48202133178711,backtracking,-0.6147032448401051,1760487793,1760487974.1205916,181.1205916404724,1760487795,2,-4.812399546305339,-4.812399546305339,0.0,False
1760487974.1205916,-4.308780034383138,14.48202133178711,backtracking,-0.6147032448401051,1760487793,1760487974.1205916,181.1205916404724,1760487796,3,-4.812399546305339,-4.812399546305339,0.0,False
1760487974.1205916,-4.308780034383138,14.48202133178711,backtracking,-0.6147032448401051,1760487793,1760487974.1205916,181.1205916404724,1760487797,4,-4.812399546305339,-4.812399546305339,0.0,False
1760487974.1205916,-4.308780034383138,14.48202133178711,backtracking,-0.6147032448401051,1760487793,1760487974.1205916,181.1205916404724,1760487798,5,-4.798496667914739,-4.798496667914739,0.0,True
1760487974.1205916,-4.308780034383138,14.48202133178711,backtracking,-0.6147032448401051,1760487793,1760487974.1205916,181.1205916404724,1760487799,6,-4.798496667914739,-4.798496667914739,0.0,True
1760487974.1205916,-4.308780034383138,14.48202133178711,backtracking,-0.6147032448401051,1760487793,1760487974.1205916,181.1205916404724,1760487800,7,-4.798496667914739,-4.798496667914739,0.0,True
1760487974.1205916,-4.308780034383138,14.48202133178711,backtracking,-0.6147032448401051,1760487793,1760487974.1205916,181.1205916404724,1760487801,8,-4.798496667914739,-4.798496667914739,0.0,True
1760487974.1205916,-4.308780034383138,14.48202133178711,backtracking,-0.6147032448401051,1760487793,1760487974.1205916,181.1205916404724,1760487802,9,-4.798496667914739,-4.798496667914739,0.0,True
1760487974.1205916,-4.308780034383138,14.48202133178711,backtracking,-0.6147032448401051,1760487793,1760487974.1205916,181.1205916404724,1760487803,10,-4.798496667914739,-4.798496667914739,0.0,True
1760487974.1205916,-4.308780034383138,14.48202133178711,backtracking,-0.6147032448401051,1760487793,1760487974.1205916,181.1205916404724,1760487804,11,-4.798496667914739,-4.798496667914739,0.0,True
1760487974.1205916,-4.308780034383138,14.48202133178711,backtracking,-0.6147032448401051,1760487793,1760487974.1205916,181.1205916404724,1760487805,12,-4.798496667914739,-4.798496667914739,0.0,True
1760487974.1205916,-4.308780034383138,14.48202133178711,backtracking,-0.6147032448401051,1760487793,1760487974.1205916,181.1205916404724,1760487806,13,-4.798496667914739,-4.798496667914739,0.0,True
1760487974.1205916,-4.308780034383138,14.48202133178711,backtracking,-0.6147032448401051,1760487793,1760487974.1205916,181.1205916404724,1760487807,14,-4.798496667914739,-4.798496667914739,0.0,True
1760487974.1205916,-4.308780034383138,14.48202133178711,backtracking,-0.6147032448401051,1760487793,1760487974.1205916,181.1205916404724,1760487808,15,-4.7706909111335385,-4.7706909111335385,0.0,True
1760487974.1205916,-4.308780034383138,14.48202133178711,backtracking,-0.6147032448401051,1760487793,1760487974.1205916,181.1205916404724,1760487809,16,-4.7706909111335385,-4.7706909111335385,0.0,True
1760487974.1205916,-4.308780034383138,14.48202133178711,backtracking,-0.6147032448401051,1760487793,1760487974.1205916,181.1205916404724,1760487810,17,-4.7706909111335385,-4.7706909111335385,0.0,True
1760487974.1205916,-4.308780034383138,14.48202133178711,backtracking,-0.6147032448401051,1760487793,1760487974.1205916,181.1205916404724,1760487811,18,-4.7706909111335385,-4.7706909111335385,0.0,True
1760487974.1205916,-4.308780034383138,14.48202133178711,backtracking,-0.6147032448401051,1760487793,1760487974.1205916,181.1205916404724,1760487812,19,-4.7706909111335385,-4.7706909111335385,0.0,True
1760487974.1205916,-4.308780034383138,14.48202133178711,backtracking,-0.6147032448401051,1760487793,1760487974.1205916,181.1205916404724,1760487813,20,-4.7706909111335385,-4.7706909111335385,0.0,True
1760487974.1205916,-4.308780034383138,14.48202133178711,backtracking,-0.6147032448401051,1760487793,1760487974.1205916,181.1205916404724,1760487814,21,-4.7706909111335385,-4.7706909111335385,0.0,True
1760487974.1205916,-4.308780034383138,14.48202133178711,backtracking,-0.6147032448401051,1760487793,1760487974.1205916,181.1205916404724,1760487815,22,-4.7706909111335385,-4.7706909111335385,0.0,True
1760487974.1205916,-4.308780034383138,14.48202133178711,backtracking,-0.6147032448401051,1760487793,1760487974.1205916,181.1205916404724,1760487816,23,-4.7706909111335385,-4.7706909111335385,0.0,True
1760487974.1205916,-4.308780034383138,14.48202133178711,backtracking,-0.6147032448401051,1760487793,1760487974.1205916,181.1205916404724,1760487817,24,-4.7706909111335385,-4.7706909111335385,0.0,True
1760487974.1205916,-4.308780034383138,14.48202133178711,backtracking,-0.6147032448401051,1760487793,1760487974.1205916,181.1205916404724,1760487818,25,-4.742885154352338,-4.742885154352338,0.0,True
1760487974.1205916,-4.308780034383138,14.48202133178711,backtracking,-0.6147032448401051,1760487793,1760487974.1205916,181.1205916404724,1760487819,26,-4.742885154352338,-4.742885154352338,0.0,True
1760487974.1205916,-4.308780034383138,14.48202133178711,backtracking,-0.6147032448401051,1760487793,1760487974.1205916,181.1205916404724,1760487820,27,-4.742885154352338,-4.742885154352338,0.0,True
1760487974.1205916,-4.308780034383138,14.48202133178711,backtracking,-0.6147032448401051,1760487793,1760487974.1205916,181.1205916404724,1760487821,28,-4.742885154352338,-4.742885154352338,0.0,True
1760487974.1205916,-4.308780034383138,14.48202133178711,backtracking,-0.6147032448401051,1760487793,1760487974.1205916,181.1205916404724,1760487822,29,-4.742885154352338,-4.742885154352338,0.0,True
1760487974.1205916,-4.308780034383138,14.48202133178711,backtracking,-0.6147032448401051,1760487793,1760487974.1205916,181.1205916404724,1760487823,30,-4.742885154352338,-4.742885154352338,0.0,True
1760487974.1205916,-4.308780034383138,14.48202133178711,backtracking,-0.6147032448401051,1760487793,1760487974.1205916,181.1205916404724,1760487824,31,-4.742885154352338,-4.742885154352338,0.0,True
1760487974.1205916,-4.308780034383138,14.48202133178711,backtracking,-0.6147032448401051,1760487793,1760487974.1205916,181.1205916404724,1760487825,32,-4.742885154352338,-4.742885154352338,0.0,True
1760487974.1205916,-4.308780034383138,14.48202133178711,backtracking,-0.6147032448401051,1760487793,1760487974.1205916,181.1205916404724,1760487826,33,-4.742885154352338,-4.742885154352338,0.0,True
1760487974.1205916,-4.308780034383138,14.48202133178711,backtracking,-0.6147032448401051,1760487793,1760487974.1205916,181.1205916404724,1760487827,34,-4.742885154352338,-4.742885154352338,0.0,True
1760487974.1205916,-4.308780034383138,14.48202133178711,backtracking,-0.6147032448401051,1760487793,1760487974.1205916,181.1205916404724,1760487828,35,-4.715079397571139,-4.715079397571139,0.0,True
1760487974.1205916,-4.308780034383138,14.48202133178711,backtracking,-0.6147032448401051,1760487793,1760487974.1205916,181.1205916404724,1760487829,36,-4.715079397571139,-4.715079397571139,0.0,True
1760487974.1205916,-4.308780034383138,14.48202133178711,backtracking,-0.6147032448401051,1760487793,1760487974.1205916,181.1205916404724,1760487830,37,-4.715079397571139,-4.715079397571139,0.0,True
1760487974.1205916,-4.308780034383138,14.48202133178711,backtracking,-0.6147032448401051,1760487793,1760487974.1205916,181.1205916404724,1760487831,38,-4.715079397571139,-4.715079397571139,0.0,True
1760487974.1205916,-4.308780034383138,14.48202133178711,backtracking,-0.6147032448401051,1760487793,1760487974.1205916,181.1205916404724,1760487832,39,-4.715079397571139,-4.715079397571139,0.0,True
1760487974.1205916,-4.308780034383138,14.48202133178711,backtracking,-0.6147032448401051,1760487793,1760487974.1205916,181.1205916404724,1760487833,40,-4.715079397571139,-4.715079397571139,0.0,True
1760487974.1205916,-4.308780034383138,14.48202133178711,backtracking,-0.6147032448401051,1760487793,1760487974.1205916,181.1205916404724,1760487834,41,-4.715079397571139,-4.715079397571139,0.0,True
1760487974.1205916,-4.308780034383138,14.48202133178711,backtracking,-0.6147032448401051,1760487793,1760487974.1205916,181.1205916404724,1760487835,42,-4.715079397571139,-4.715079397571139,0.0,True
1760487974.1205916,-4.308780034383138,14.48202133178711,backtracking,-0.6147032448401051,1760487793,1760487974.1205916,181.1205916404724,1760487836,43,-4.715079397571139,-4.715079397571139,0.0,True
1760487974.1205916,-4.308780034383138,14.48202133178711,backtracking,-0.6147032448401051,1760487793,1760487974.1205916,181.1205916404724,1760487837,44,-4.715079397571139,-4.715079397571139,0.0,True
1760487974.1205916,-4.308780034383138,14.48202133178711,backtracking,-0.6147032448401051,1760487793,1760487974.1205916,181.1205916404724,1760487838,45,-4.687273640789939,-4.687273640789939,0.0,True
1760487974.1205916,-4.308780034383138,14.48202133178711,backtracking,-0.6147032448401051,1760487793,1760487974.1205916,181.1205916404724,1760487839,46,-4.687273640789939,-4.687273640789939,0.0,True
1760487974.1205916,-4.308780034383138,14.48202133178711,backtracking,-0.6147032448401051,1760487793,1760487974.1205916,181.1205916404724,1760487840,47,-4.687273640789939,-4.687273640789939,0.0,True
1760487974.1205916,-4.308780034383138,14.48202133178711,backtracking,-0.6147032448401051,1760487793,1760487974.1205916,181.1205916404724,1760487841,48,-4.687273640789939,-4.687273640789939,0.0,True
1760487974.1205916,-4.308780034383138,14.48202133178711,backtracking,-0.6147032448401051,1760487793,1760487974.1205916,181.1205916404724,1760487842,49,-4.687273640789939,-4.687273640789939,0.0,True
1760487974.1205916,-4.308780034383138,14.48202133178711,backtracking,-0.6147032448401051,1760487793,1760487974.1205916,181.1205916404724,1760487843,50,-4.687273640789939,-4.687273640789939,0.0,True
1760487974.1205916,-4.308780034383138,14.48202133178711,backtracking,-0.6147032448401051,1760487793,1760487974.1205916,181.1205916404724,1760487844,51,-4.687273640789939,-4.687273640789939,0.0,True
1760487974.1205916,-4.308780034383138,14.48202133178711,backtracking,-0.6147032448401051,1760487793,1760487974.1205916,181.1205916404724,1760487845,52,-4.687273640789939,-4.687273640789939,0.0,True
1760487974.1205916,-4.308780034383138,14.48202133178711,backtracking,-0.6147032448401051,1760487793,1760487974.1205916,181.1205916404724,1760487846,53,-4.687273640789939,-4.687273640789939,0.0,True
1760487974.1205916,-4.308780034383138,14.48202133178711,backtracking,-0.6147032448401051,1760487793,1760487974.1205916,181.1205916404724,1760487847,54,-4.687273640789939,-4.687273640789939,0.0,True
1760487974.1205916,-4.308780034383138,14.48202133178711,backtracking,-0.6147032448401051,1760487793,1760487974.1205916,181.1205916404724,1760487848,55,-4.659467884008739,-4.659467884008739,0.0,True
1760487974.1205916,-4.308780034383138,14.48202133178711,backtracking,-0.6147032448401051,1760487793,1760487974.1205916,181.1205916404724,1760487849,56,-4.659467884008739,-4.659467884008739,0.0,True
1760487974.1205916,-4.308780034383138,14.48202133178711,backtracking,-0.6147032448401051,1760487793,1760487974.1205916,181.1205916404724,1760487850,57,-4.659467884008739,-4.659467884008739,0.0,True
1760487974.1205916,-4.308780034383138,14.48202133178711,backtracking,-0.6147032448401051,1760487793,1760487974.1205916,181.1205916404724,1760487851,58,-4.659467884008739,-4.659467884008739,0.0,True
1760487974.1205916,-4.308780034383138,14.48202133178711,backtracking,-0.6147032448401051,1760487793,1760487974.1205916,181.1205916404724,1760487852,59,-4.659467884008739,-4.659467884008739,0.0,True
1760487974.1205916,-4.308780034383138,14.48202133178711,backtracking,-0.6147032448401051,1760487793,1760487974.1205916,181.1205916404724,1760487853,60,-4.659467884008739,-4.659467884008739,0.0,True
1760487974.1205916,-4.308780034383138,14.48202133178711,backtracking,-0.6147032448401051,1760487793,1760487974.1205916,181.1205916404724,1760487854,61,-4.659467884008739,-4.659467884008739,0.0,True
1760487974.1205916,-4.308780034383138,14.48202133178711,backtracking,-0.6147032448401051,1760487793,1760487974.1205916,181.1205916404724,1760487855,62,-4.659467884008739,-4.659467884008739,0.0,True
1760487974.1205916,-4.308780034383138,14.48202133178711,backtracking,-0.6147032448401051,1760487793,1760487974.1205916,181.1205916404724,1760487856,63,-4.659467884008739,-4.659467884008739,0.0,True
1760487974.1205916,-4.308780034383138,14.48202133178711,backtracking,-0.6147032448401051,1760487793,1760487974.1205916,181.1205916404724,1760487857,64,-4.659467884008739,-4.659467884008739,0.0,True
1760487974.1205916,-4.308780034383138,14.48202133178711,backtracking,-0.6147032448401051,1760487793,1760487974.1205916,181.1205916404724,1760487858,65,-4.631662127227539,-4.631662127227539,0.0,True
1760487974.1205916,-4.308780034383138,14.48202133178711,backtracking,-0.6147032448401051,1760487793,1760487974.1205916,181.1205916404724,1760487859,66,-4.631662127227539,-4.631662127227539,0.0,True
1760487974.1205916,-4.308780034383138,14.48202133178711,backtracking,-0.6147032448401051,1760487793,1760487974.1205916,181.1205916404724,1760487860,67,-4.631662127227539,-4.631662127227539,0.0,True
1760487974.1205916,-4.308780034383138,14.48202133178711,backtracking,-0.6147032448401051,1760487793,1760487974.1205916,181.1205916404724,1760487861,68,-4.631662127227539,-4.631662127227539,0.0,True
1760487974.1205916,-4.308780034383138,14.48202133178711,backtracking,-0.6147032448401051,1760487793,1760487974.1205916,181.1205916404724,1760487862,69,-4.631662127227539,-4.631662127227539,0.0,True
1760487974.1205916,-4.308780034383138,14.48202133178711,backtracking,-0.6147032448401051,1760487793,1760487974.1205916,181.1205916404724,1760487863,70,-4.631662127227539,-4.631662127227539,0.0,True
1760487974.1205916,-4.308780034383138,14.48202133178711,backtracking,-0.6147032448401051,1760487793,1760487974.1205916,181.1205916404724,1760487864,71,-4.631662127227539,-4.631662127227539,0.0,True
1760487974.1205916,-4.308780034383138,14.48202133178711,backtracking,-0.6147032448401051,1760487793,1760487974.1205916,181.1205916404724,1760487865,72,-4.631662127227539,-4.631662127227539,0.0,True
1760487974.1205916,-4.308780034383138,14.48202133178711,backtracking,-0.6147032448401051,1760487793,1760487974.1205916,181.1205916404724,1760487866,73,-4.631662127227539,-4.631662127227539,0.0,True
1760487974.1205916,-4.308780034383138,14.48202133178711,backtracking,-0.6147032448401051,1760487793,1760487974.1205916,181.1205916404724,1760487867,74,-4.631662127227539,-4.631662127227539,0.0,True
1760487974.1205916,-4.308780034383138,14.48202133178711,backtracking,-0.6147032448401051,1760487793,1760487974.1205916,181.1205916404724,1760487868,75,-4.603856370446339,-4.603856370446339,0.0,True
1760487974.1205916,-4.308780034383138,14.48202133178711,backtracking,-0.6147032448401051,1760487793,1760487974.1205916,181.1205916404724,1760487869,76,-4.603856370446339,-4.603856370446339,0.0,True
1760487974.1205916,-4.308780034383138,14.48202133178711,backtracking,-0.6147032448401051,1760487793,1760487974.1205916,181.1205916404724,1760487870,77,-4.603856370446339,-4.603856370446339,0.0,True
1760487974.1205916,-4.308780034383138,14.48202133178711,backtracking,-0.6147032448401051,1760487793,1760487974.1205916,181.1205916404724,1760487871,78,-4.603856370446339,-4.603856370446339,0.0,True
1760487974.1205916,-4.308780034383138,14.48202133178711,backtracking,-0.6147032448401051,1760487793,1760487974.1205916,181.1205916404724,1760487872,79,-4.603856370446339,-4.603856370446339,0.0,True
1760487974.1205916,-4.308780034383138,14.48202133178711,backtracking,-0.6147032448401051,1760487793,1760487974.1205916,181.1205916404724,1760487873,80,-4.603856370446339,-4.603856370446339,0.0,True
1760487974.1205916,-4.308780034383138,14.48202133178711,backtracking,-0.6147032448401051,1760487793,1760487974.1205916,181.1205916404724,1760487874,81,-4.603856370446339,-4.603856370446339,0.0,True
1760487974.1205916,-4.308780034383138,14.48202133178711,backtracking,-0.6147032448401051,1760487793,1760487974.1205916,181.1205916404724,1760487875,82,-4.603856370446339,-4.603856370446339,0.0,True
1760487974.1205916,-4.308780034383138,14.48202133178711,backtracking,-0.6147032448401051,1760487793,1760487974.1205916,181.1205916404724,1760487876,83,-4.603856370446339,-4.603856370446339,0.0,True
1760487974.1205916,-4.308780034383138,14.48202133178711,backtracking,-0.6147032448401051,1760487793,1760487974.1205916,181.1205916404724,1760487877,84,-4.603856370446339,-4.603856370446339,0.0,True
1760487974.1205916,-4.308780034383138,14.48202133178711,backtracking,-0.6147032448401051,1760487793,1760487974.1205916,181.1205916404724,1760487878,85,-4.5760506136651395,-4.5760506136651395,0.0,True
1760487974.1205916,-4.308780034383138,14.48202133178711,backtracking,-0.6147032448401051,1760487793,1760487974.1205916,181.1205916404724,1760487879,86,-4.5760506136651395,-4.5760506136651395,0.0,True
1760487974.1205916,-4.308780034383138,14.48202133178711,backtracking,-0.6147032448401051,1760487793,1760487974.1205916,181.1205916404724,1760487880,87,-4.5760506136651395,-4.5760506136651395,0.0,True
1760487974.1205916,-4.308780034383138,14.48202133178711,backtracking,-0.6147032448401051,1760487793,1760487974.1205916,181.1205916404724,1760487881,88,-4.5760506136651395,-4.5760506136651395,0.0,True
1760487974.1205916,-4.308780034383138,14.48202133178711,backtracking,-0.6147032448401051,1760487793,1760487974.1205916,181.1205916404724,1760487882,89,-4.5760506136651395,-4.5760506136651395,0.0,True
1760487974.1205916,-4.308780034383138,14.48202133178711,backtracking,-0.6147032448401051,1760487793,1760487974.1205916,181.1205916404724,1760487883,90,-4.5760506136651395,-4.5760506136651395,0.0,True
1760487974.1205916,-4.308780034383138,14.48202133178711,backtracking,-0.6147032448401051,1760487793,1760487974.1205916,181.1205916404724,1760487884,91,-4.5760506136651395,-4.5760506136651395,0.0,True
1760487974.1205916,-4.308780034383138,14.48202133178711,backtracking,-0.6147032448401051,1760487793,1760487974.1205916,181.1205916404724,1760487885,92,-4.5760506136651395,-4.5760506136651395,0.0,True
1760487974.1205916,-4.308780034383138,14.48202133178711,backtracking,-0.6147032448401051,1760487793,1760487974.1205916,181.1205916404724,1760487886,93,-4.5760506136651395,-4.5760506136651395,0.0,True
1760487974.1205916,-4.308780034383138,14.48202133178711,backtracking,-0.6147032448401051,1760487793,1760487974.1205916,181.1205916404724,1760487887,94,-4.5760506136651395,-4.5760506136651395,0.0,True
1760487974.1205916,-4.308780034383138,14.48202133178711,backtracking,-0.6147032448401051,1760487793,1760487974.1205916,181.1205916404724,1760487888,95,-4.548244856883939,-4.548244856883939,0.0,True
1760487974.1205916,-4.308780034383138,14.48202133178711,backtracking,-0.6147032448401051,1760487793,1760487974.1205916,181.1205916404724,1760487889,96,-4.548244856883939,-4.548244856883939,0.0,True
1760487974.1205916,-4.308780034383138,14.48202133178711,backtracking,-0.6147032448401051,1760487793,1760487974.1205916,181.1205916404724,1760487890,97,-4.548244856883939,-4.548244856883939,0.0,True
1760487974.1205916,-4.308780034383138,14.48202133178711,backtracking,-0.6147032448401051,1760487793,1760487974.1205916,181.1205916404724,1760487891,98,-4.548244856883939,-4.548244856883939,0.0,True
1760487974.1205916,-4.308780034383138,14.48202133178711,backtracking,-0.6147032448401051,1760487793,1760487974.1205916,181.1205916404724,1760487892,99,-4.548244856883939,-4.548244856883939,0.0,True
1760487974.1205916,-4.308780034383138,14.48202133178711,backtracking,-0.6147032448401051,1760487793,1760487974.1205916,181.1205916404724,1760487893,100,-4.548244856883939,-4.548244856883939,0.0,True
1760487974.1205916,-4.308780034383138,14.48202133178711,backtracking,-0.6147032448401051,1760487793,1760487974.1205916,181.1205916404724,1760487894,101,-4.548244856883939,-4.548244856883939,0.0,True
1760487974.1205916,-4.308780034383138,14.48202133178711,backtracking,-0.6147032448401051,1760487793,1760487974.1205916,181.1205916404724,1760487895,102,-4.548244856883939,-4.548244856883939,0.0,True
1760487974.1205916,-4.308780034383138,14.48202133178711,backtracking,-0.6147032448401051,1760487793,1760487974.1205916,181.1205916404724,1760487896,103,-4.548244856883939,-4.548244856883939,0.0,True
1760487974.1205916,-4.308780034383138,14.48202133178711,backtracking,-0.6147032448401051,1760487793,1760487974.1205916,181.1205916404724,1760487897,104,-4.548244856883939,-4.548244856883939,0.0,True
1760487974.1205916,-4.308780034383138,14.48202133178711,backtracking,-0.6147032448401051,1760487793,1760487974.1205916,181.1205916404724,1760487898,105,-4.52043910010274,-4.52043910010274,0.0,True
1760487974.1205916,-4.308780034383138,14.48202133178711,backtracking,-0.6147032448401051,1760487793,1760487974.1205916,181.1205916404724,1760487899,106,-4.52043910010274,-4.52043910010274,0.0,True
1760487974.1205916,-4.308780034383138,14.48202133178711,backtracking,-0.6147032448401051,1760487793,1760487974.1205916,181.1205916404724,1760487900,107,-4.52043910010274,-4.52043910010274,0.0,True
1760487974.1205916,-4.308780034383138,14.48202133178711,backtracking,-0.6147032448401051,1760487793,1760487974.1205916,181.1205916404724,1760487901,108,-4.52043910010274,-4.52043910010274,0.0,True
1760487974.1205916,-4.308780034383138,14.48202133178711,backtracking,-0.6147032448401051,1760487793,1760487974.1205916,181.1205916404724,1760487902,109,-4.52043910010274,-4.52043910010274,0.0,True
1760487974.1205916,-4.308780034383138,14.48202133178711,backtracking,-0.6147032448401051,1760487793,1760487974.1205916,181.1205916404724,1760487903,110,-4.52043910010274,-4.52043910010274,0.0,True
1760487974.1205916,-4.308780034383138,14.48202133178711,backtracking,-0.6147032448401051,1760487793,1760487974.1205916,181.1205916404724,1760487904,111,-4.52043910010274,-4.52043910010274,0.0,True
1760487974.1205916,-4.308780034383138,14.48202133178711,backtracking,-0.6147032448401051,1760487793,1760487974.1205916,181.1205916404724,1760487905,112,-4.52043910010274,-4.52043910010274,0.0,True
1760487974.1205916,-4.308780034383138,14.48202133178711,backtracking,-0.6147032448401051,1760487793,1760487974.1205916,181.1205916404724,1760487906,113,-4.52043910010274,-4.52043910010274,0.0,True
1760487974.1205916,-4.308780034383138,14.48202133178711,backtracking,-0.6147032448401051,1760487793,1760487974.1205916,181.1205916404724,1760487907,114,-4.52043910010274,-4.52043910010274,0.0,True
1760487974.1205916,-4.308780034383138,14.48202133178711,backtracking,-0.6147032448401051,1760487793,1760487974.1205916,181.1205916404724,1760487908,115,-4.49263334332154,-4.49263334332154,0.0,True
1760487974.1205916,-4.308780034383138,14.48202133178711,backtracking,-0.6147032448401051,1760487793,1760487974.1205916,181.1205916404724,1760487909,116,-4.49263334332154,-4.49263334332154,0.0,True
1760487974.1205916,-4.308780034383138,14.48202133178711,backtracking,-0.6147032448401051,1760487793,1760487974.1205916,181.1205916404724,1760487910,117,-4.49263334332154,-4.49263334332154,0.0,True
1760487974.1205916,-4.308780034383138,14.48202133178711,backtracking,-0.6147032448401051,1760487793,1760487974.1205916,181.1205916404724,1760487911,118,-4.49263334332154,-4.49263334332154,0.0,True
1760487974.1205916,-4.308780034383138,14.48202133178711,backtracking,-0.6147032448401051,1760487793,1760487974.1205916,181.1205916404724,1760487912,119,-4.49263334332154,-4.49263334332154,0.0,True
1760487974.1205916,-4.308780034383138,14.48202133178711,backtracking,-0.6147032448401051,1760487793,1760487974.1205916,181.1205916404724,1760487913,120,-4.49263334332154,-4.49263334332154,0.0,True
1760487974.1205916,-4.308780034383138,14.48202133178711,backtracking,-0.6147032448401051,1760487793,1760487974.1205916,181.1205916404724,1760487914,121,-4.49263334332154,-4.49263334332154,0.0,True
1760487974.1205916,-4.308780034383138,14.48202133178711,backtracking,-0.6147032448401051,1760487793,1760487974.1205916,181.1205916404724,1760487915,122,-4.49263334332154,-4.49263334332154,0.0,True
1760487974.1205916,-4.308780034383138,14.48202133178711,backtracking,-0.6147032448401051,1760487793,1760487974.1205916,181.1205916404724,1760487916,123,-4.49263334332154,-4.49263334332154,0.0,True
1760487974.1205916,-4.308780034383138,14.48202133178711,backtracking,-0.6147032448401051,1760487793,1760487974.1205916,181.1205916404724,1760487917,124,-4.49263334332154,-4.49263334332154,0.0,True
1760487974.1205916,-4.308780034383138,14.48202133178711,backtracking,-0.6147032448401051,1760487793,1760487974.1205916,181.1205916404724,1760487918,125,-4.4648275865403395,-4.4648275865403395,0.0,True
1760487974.1205916,-4.308780034383138,14.48202133178711,backtracking,-0.6147032448401051,1760487793,1760487974.1205916,181.1205916404724,1760487919,126,-4.4648275865403395,-4.4648275865403395,0.0,True
1760487974.1205916,-4.308780034383138,14.48202133178711,backtracking,-0.6147032448401051,1760487793,1760487974.1205916,181.1205916404724,1760487920,127,-4.4648275865403395,-4.4648275865403395,0.0,True
1760487974.1205916,-4.308780034383138,14.48202133178711,backtracking,-0.6147032448401051,1760487793,1760487974.1205916,181.1205916404724,1760487921,128,-4.4648275865403395,-4.4648275865403395,0.0,True
1760487974.1205916,-4.308780034383138,14.48202133178711,backtracking,-0.6147032448401051,1760487793,1760487974.1205916,181.1205916404724,1760487922,129,-4.4648275865403395,-4.4648275865403395,0.0,True
1760487974.1205916,-4.308780034383138,14.48202133178711,backtracking,-0.6147032448401051,1760487793,1760487974.1205916,181.1205916404724,1760487923,130,-4.4648275865403395,-4.4648275865403395,0.0,True
1760487974.1205916,-4.308780034383138,14.48202133178711,backtracking,-0.6147032448401051,1760487793,1760487974.1205916,181.1205916404724,1760487924,131,-4.4648275865403395,-4.4648275865403395,0.0,True
1760487974.1205916,-4.308780034383138,14.48202133178711,backtracking,-0.6147032448401051,1760487793,1760487974.1205916,181.1205916404724,1760487925,132,-4.4648275865403395,-4.4648275865403395,0.0,True
1760487974.1205916,-4.308780034383138,14.48202133178711,backtracking,-0.6147032448401051,1760487793,1760487974.1205916,181.1205916404724,1760487926,133,-4.4648275865403395,-4.4648275865403395,0.0,True
1760487974.1205916,-4.308780034383138,14.48202133178711,backtracking,-0.6147032448401051,1760487793,1760487974.1205916,181.1205916404724,1760487927,134,-4.4648275865403395,-4.4648275865403395,0.0,True
1760487974.1205916,-4.308780034383138,14.48202133178711,backtracking,-0.6147032448401051,1760487793,1760487974.1205916,181.1205916404724,1760487928,135,-4.437021829759139,-4.437021829759139,0.0,True
1760487974.1205916,-4.308780034383138,14.48202133178711,backtracking,-0.6147032448401051,1760487793,1760487974.1205916,181.1205916404724,1760487929,136,-4.437021829759139,-4.437021829759139,0.0,True
1760487974.1205916,-4.308780034383138,14.48202133178711,backtracking,-0.6147032448401051,1760487793,1760487974.1205916,181.1205916404724,1760487930,137,-4.437021829759139,-4.437021829759139,0.0,True
1760487974.1205916,-4.308780034383138,14.48202133178711,backtracking,-0.6147032448401051,1760487793,1760487974.1205916,181.1205916404724,1760487931,138,-4.437021829759139,-4.437021829759139,0.0,True
1760487974.1205916,-4.308780034383138,14.48202133178711,backtracking,-0.6147032448401051,1760487793,1760487974.1205916,181.1205916404724,1760487932,139,-4.437021829759139,-4.437021829759139,0.0,True
1760487974.1205916,-4.308780034383138,14.48202133178711,backtracking,-0.6147032448401051,1760487793,1760487974.1205916,181.1205916404724,1760487933,140,-4.437021829759139,-4.437021829759139,0.0,True
1760487974.1205916,-4.308780034383138,14.48202133178711,backtracking,-0.6147032448401051,1760487793,1760487974.1205916,181.1205916404724,1760487934,141,-4.437021829759139,-4.437021829759139,0.0,True
1760487974.1205916,-4.308780034383138,14.48202133178711,backtracking,-0.6147032448401051,1760487793,1760487974.1205916,181.1205916404724,1760487935,142,-4.437021829759139,-4.437021829759139,0.0,True
1760487974.1205916,-4.308780034383138,14.48202133178711,backtracking,-0.6147032448401051,1760487793,1760487974.1205916,181.1205916404724,1760487936,143,-4.437021829759139,-4.437021829759139,0.0,True
1760487974.1205916,-4.308780034383138,14.48202133178711,backtracking,-0.6147032448401051,1760487793,1760487974.1205916,181.1205916404724,1760487937,144,-4.437021829759139,-4.437021829759139,0.0,True
1760487974.1205916,-4.308780034383138,14.48202133178711,backtracking,-0.6147032448401051,1760487793,1760487974.1205916,181.1205916404724,1760487938,145,-4.409216072977939,-4.409216072977939,0.0,True
1760487974.1205916,-4.308780034383138,14.48202133178711,backtracking,-0.6147032448401051,1760487793,1760487974.1205916,181.1205916404724,1760487939,146,-4.409216072977939,-4.409216072977939,0.0,True
1760487974.1205916,-4.308780034383138,14.48202133178711,backtracking,-0.6147032448401051,1760487793,1760487974.1205916,181.1205916404724,1760487940,147,-4.409216072977939,-4.409216072977939,0.0,True
1760487974.1205916,-4.308780034383138,14.48202133178711,backtracking,-0.6147032448401051,1760487793,1760487974.1205916,181.1205916404724,1760487941,148,-4.409216072977939,-4.409216072977939,0.0,True
1760487974.1205916,-4.308780034383138,14.48202133178711,backtracking,-0.6147032448401051,1760487793,1760487974.1205916,181.1205916404724,1760487942,149,-4.409216072977939,-4.409216072977939,0.0,True
1760487974.1205916,-4.308780034383138,14.48202133178711,backtracking,-0.6147032448401051,1760487793,1760487974.1205916,181.1205916404724,1760487943,150,-4.409216072977939,-4.409216072977939,0.0,True
1760487974.1205916,-4.308780034383138,14.48202133178711,backtracking,-0.6147032448401051,1760487793,1760487974.1205916,181.1205916404724,1760487944,151,-4.409216072977939,-4.409216072977939,0.0,True
1760487974.1205916,-4.308780034383138,14.48202133178711,backtracking,-0.6147032448401051,1760487793,1760487974.1205916,181.1205916404724,1760487945,152,-4.409216072977939,-4.409216072977939,0.0,True
1760487974.1205916,-4.308780034383138,14.48202133178711,backtracking,-0.6147032448401051,1760487793,1760487974.1205916,181.1205916404724,1760487946,153,-4.409216072977939,-4.409216072977939,0.0,True
1760487974.1205916,-4.308780034383138,14.48202133178711,backtracking,-0.6147032448401051,1760487793,1760487974.1205916,181.1205916404724,1760487947,154,-4.409216072977939,-4.409216072977939,0.0,True
1760487974.1205916,-4.308780034383138,14.48202133178711,backtracking,-0.6147032448401051,1760487793,1760487974.1205916,181.1205916404724,1760487948,155,-4.38141031619674,-4.38141031619674,0.0,True
1760487974.1205916,-4.308780034383138,14.48202133178711,backtracking,-0.6147032448401051,1760487793,1760487974.1205916,181.1205916404724,1760487949,156,-4.38141031619674,-4.38141031619674,0.0,True
1760487974.1205916,-4.308780034383138,14.48202133178711,backtracking,-0.6147032448401051,1760487793,1760487974.1205916,181.1205916404724,1760487950,157,-4.38141031619674,-4.38141031619674,0.0,True
1760487974.1205916,-4.308780034383138,14.48202133178711,backtracking,-0.6147032448401051,1760487793,1760487974.1205916,181.1205916404724,1760487951,158,-4.38141031619674,-4.38141031619674,0.0,True
1760487974.1205916,-4.308780034383138,14.48202133178711,backtracking,-0.6147032448401051,1760487793,1760487974.1205916,181.1205916404724,1760487952,159,-4.38141031619674,-4.38141031619674,0.0,True
1760487974.1205916,-4.308780034383138,14.48202133178711,backtracking,-0.6147032448401051,1760487793,1760487974.1205916,181.1205916404724,1760487953,160,-4.38141031619674,-4.38141031619674,0.0,True
1760487974.1205916,-4.308780034383138,14.48202133178711,backtracking,-0.6147032448401051,1760487793,1760487974.1205916,181.1205916404724,1760487954,161,-4.38141031619674,-4.38141031619674,0.0,True
1760487974.1205916,-4.308780034383138,14.48202133178711,backtracking,-0.6147032448401051,1760487793,1760487974.1205916,181.1205916404724,1760487955,162,-4.38141031619674,-4.38141031619674,0.0,True
1760487974.1205916,-4.308780034383138,14.48202133178711,backtracking,-0.6147032448401051,1760487793,1760487974.1205916,181.1205916404724,1760487956,163,-4.38141031619674,-4.38141031619674,0.0,True
1760487974.1205916,-4.308780034383138,14.48202133178711,backtracking,-0.6147032448401051,1760487793,1760487974.1205916,181.1205916404724,1760487957,164,-4.38141031619674,-4.38141031619674,0.0,True
1760487974.1205916,-4.308780034383138,14.48202133178711,backtracking,-0.6147032448401051,1760487793,1760487974.1205916,181.1205916404724,1760487958,165,-4.3536045594155395,-4.3536045594155395,0.0,True
1760487974.1205916,-4.308780034383138,14.48202133178711,backtracking,-0.6147032448401051,1760487793,1760487974.1205916,181.1205916404724,1760487959,166,-4.3536045594155395,-4.3536045594155395,0.0,True
1760487974.1205916,-4.308780034383138,14.48202133178711,backtracking,-0.6147032448401051,1760487793,1760487974.1205916,181.1205916404724,1760487960,167,-4.3536045594155395,-4.3536045594155395,0.0,True
1760487974.1205916,-4.308780034383138,14.48202133178711,backtracking,-0.6147032448401051,1760487793,1760487974.1205916,181.1205916404724,1760487961,168,-4.3536045594155395,-4.3536045594155395,0.0,True
1760487974.1205916,-4.308780034383138,14.48202133178711,backtracking,-0.6147032448401051,1760487793,1760487974.1205916,181.1205916404724,1760487962,169,-4.3536045594155395,-4.3536045594155395,0.0,True
1760487974.1205916,-4.308780034383138,14.48202133178711,backtracking,-0.6147032448401051,1760487793,1760487974.1205916,181.1205916404724,1760487963,170,-4.3536045594155395,-4.3536045594155395,0.0,True
1760487974.1205916,-4.308780034383138,14.48202133178711,backtracking,-0.6147032448401051,1760487793,1760487974.1205916,181.1205916404724,1760487964,171,-4.3536045594155395,-4.3536045594155395,0.0,True
1760487974.1205916,-4.308780034383138,14.48202133178711,backtracking,-0.6147032448401051,1760487793,1760487974.1205916,181.1205916404724,1760487965,172,-4.3536045594155395,-4.3536045594155395,0.0,True
1760487974.1205916,-4.308780034383138,14.48202133178711,backtracking,-0.6147032448401051,1760487793,1760487974.1205916,181.1205916404724,1760487966,173,-4.3536045594155395,-4.3536045594155395,0.0,True
1760487974.1205916,-4.308780034383138,14.48202133178711,backtracking,-0.6147032448401051,1760487793,1760487974.1205916,181.1205916404724,1760487967,174,-4.3536045594155395,-4.3536045594155395,0.0,True
1760487974.1205916,-4.308780034383138,14.48202133178711,backtracking,-0.6147032448401051,1760487793,1760487974.1205916,181.1205916404724,1760487968,175,-4.32579880263434,-4.32579880263434,0.0,True
1760487974.1205916,-4.308780034383138,14.48202133178711,backtracking,-0.6147032448401051,1760487793,1760487974.1205916,181.1205916404724,1760487969,176,-4.32579880263434,-4.32579880263434,0.0,True
1760487974.1205916,-4.308780034383138,14.48202133178711,backtracking,-0.6147032448401051,1760487793,1760487974.1205916,181.1205916404724,1760487970,177,-4.32579880263434,-4.32579880263434,0.0,True
1760487974.1205916,-4.308780034383138,14.48202133178711,backtracking,-0.6147032448401051,1760487793,1760487974.1205916,181.1205916404724,1760487971,178,-4.32579880263434,-4.32579880263434,0.0,True
1760487974.1205916,-4.308780034383138,14.48202133178711,backtracking,-0.6147032448401051,1760487793,1760487974.1205916,181.1205916404724,1760487972,179,-4.32579880263434,-4.32579880263434,0.0,True
1760487974.1205916,-4.308780034383138,14.48202133178711,backtracking,-0.6147032448401051,1760487793,1760487974.1205916,181.1205916404724,1760487973,180,-4.32579880263434,-4.32579880263434,0.0,True
1760487974.1205916,-4.308780034383138,14.48202133178711,backtracking,-0.6147032448401051,1760487793,1760487974.1205916,181.1205916404724,1760487974,181,-4.308780034383138,-4.308780034383138,0.0,False
1760488154.5523088,1.1878013610839844,9.519100189208984,backtracking,5.404167342931032,1760487974,1760488154.5523088,180.5523087978363,1760487974,0,-4.308780034383138,-4.308780034383138,0.0,False
1760488154.5523088,1.1878013610839844,9.519100189208984,backtracking,5.404167342931032,1760487974,1760488154.5523088,180.5523087978363,1760487975,1,-4.308780034383138,-4.308780034383138,0.0,False
1760488154.5523088,1.1878013610839844,9.519100189208984,backtracking,5.404167342931032,1760487974,1760488154.5523088,180.5523087978363,1760487976,2,-4.308780034383138,-4.308780034383138,0.0,False
1760488154.5523088,1.1878013610839844,9.519100189208984,backtracking,5.404167342931032,1760487974,1760488154.5523088,180.5523087978363,1760487977,3,-4.308780034383138,-4.308780034383138,0.0,False
1760488154.5523088,1.1878013610839844,9.519100189208984,backtracking,5.404167342931032,1760487974,1760488154.5523088,180.5523087978363,1760487978,4,-4.187007426055618,-4.187007426055618,0.0,True
1760488154.5523088,1.1878013610839844,9.519100189208984,backtracking,5.404167342931032,1760487974,1760488154.5523088,180.5523087978363,1760487979,5,-4.187007426055618,-4.187007426055618,0.0,True
1760488154.5523088,1.1878013610839844,9.519100189208984,backtracking,5.404167342931032,1760487974,1760488154.5523088,180.5523087978363,1760487980,6,-4.187007426055618,-4.187007426055618,0.0,True
1760488154.5523088,1.1878013610839844,9.519100189208984,backtracking,5.404167342931032,1760487974,1760488154.5523088,180.5523087978363,1760487981,7,-4.187007426055618,-4.187007426055618,0.0,True
1760488154.5523088,1.1878013610839844,9.519100189208984,backtracking,5.404167342931032,1760487974,1760488154.5523088,180.5523087978363,1760487982,8,-4.187007426055618,-4.187007426055618,0.0,True
1760488154.5523088,1.1878013610839844,9.519100189208984,backtracking,5.404167342931032,1760487974,1760488154.5523088,180.5523087978363,1760487983,9,-4.187007426055618,-4.187007426055618,0.0,True
1760488154.5523088,1.1878013610839844,9.519100189208984,backtracking,5.404167342931032,1760487974,1760488154.5523088,180.5523087978363,1760487984,10,-4.187007426055618,-4.187007426055618,0.0,True
1760488154.5523088,1.1878013610839844,9.519100189208984,backtracking,5.404167342931032,1760487974,1760488154.5523088,180.5523087978363,1760487985,11,-4.187007426055618,-4.187007426055618,0.0,True
1760488154.5523088,1.1878013610839844,9.519100189208984,backtracking,5.404167342931032,1760487974,1760488154.5523088,180.5523087978363,1760487986,12,-4.187007426055618,-4.187007426055618,0.0,True
1760488154.5523088,1.1878013610839844,9.519100189208984,backtracking,5.404167342931032,1760487974,1760488154.5523088,180.5523087978363,1760487987,13,-4.187007426055618,-4.187007426055618,0.0,True
1760488154.5523088,1.1878013610839844,9.519100189208984,backtracking,5.404167342931032,1760487974,1760488154.5523088,180.5523087978363,1760487988,14,-3.8825759052368154,-3.8825759052368154,0.0,True
1760488154.5523088,1.1878013610839844,9.519100189208984,backtracking,5.404167342931032,1760487974,1760488154.5523088,180.5523087978363,1760487989,15,-3.8825759052368154,-3.8825759052368154,0.0,True
1760488154.5523088,1.1878013610839844,9.519100189208984,backtracking,5.404167342931032,1760487974,1760488154.5523088,180.5523087978363,1760487990,16,-3.8825759052368154,-3.8825759052368154,0.0,True
1760488154.5523088,1.1878013610839844,9.519100189208984,backtracking,5.404167342931032,1760487974,1760488154.5523088,180.5523087978363,1760487991,17,-3.8825759052368154,-3.8825759052368154,0.0,True
1760488154.5523088,1.1878013610839844,9.519100189208984,backtracking,5.404167342931032,1760487974,1760488154.5523088,180.5523087978363,1760487992,18,-3.8825759052368154,-3.8825759052368154,0.0,True
1760488154.5523088,1.1878013610839844,9.519100189208984,backtracking,5.404167342931032,1760487974,1760488154.5523088,180.5523087978363,1760487993,19,-3.8825759052368154,-3.8825759052368154,0.0,True
1760488154.5523088,1.1878013610839844,9.519100189208984,backtracking,5.404167342931032,1760487974,1760488154.5523088,180.5523087978363,1760487994,20,-3.8825759052368154,-3.8825759052368154,0.0,True
1760488154.5523088,1.1878013610839844,9.519100189208984,backtracking,5.404167342931032,1760487974,1760488154.5523088,180.5523087978363,1760487995,21,-3.8825759052368154,-3.8825759052368154,0.0,True
1760488154.5523088,1.1878013610839844,9.519100189208984,backtracking,5.404167342931032,1760487974,1760488154.5523088,180.5523087978363,1760487996,22,-3.8825759052368154,-3.8825759052368154,0.0,True
1760488154.5523088,1.1878013610839844,9.519100189208984,backtracking,5.404167342931032,1760487974,1760488154.5523088,180.5523087978363,1760487997,23,-3.8825759052368154,-3.8825759052368154,0.0,True
1760488154.5523088,1.1878013610839844,9.519100189208984,backtracking,5.404167342931032,1760487974,1760488154.5523088,180.5523087978363,1760487998,24,-3.5781443844180134,-3.5781443844180134,0.0,True
1760488154.5523088,1.1878013610839844,9.519100189208984,backtracking,5.404167342931032,1760487974,1760488154.5523088,180.5523087978363,1760487999,25,-3.5781443844180134,-3.5781443844180134,0.0,True
1760488154.5523088,1.1878013610839844,9.519100189208984,backtracking,5.404167342931032,1760487974,1760488154.5523088,180.5523087978363,1760488000,26,-3.5781443844180134,-3.5781443844180134,0.0,True
1760488154.5523088,1.1878013610839844,9.519100189208984,backtracking,5.404167342931032,1760487974,1760488154.5523088,180.5523087978363,1760488001,27,-3.5781443844180134,-3.5781443844180134,0.0,True
1760488154.5523088,1.1878013610839844,9.519100189208984,backtracking,5.404167342931032,1760487974,1760488154.5523088,180.5523087978363,1760488002,28,-3.5781443844180134,-3.5781443844180134,0.0,True
1760488154.5523088,1.1878013610839844,9.519100189208984,backtracking,5.404167342931032,1760487974,1760488154.5523088,180.5523087978363,1760488003,29,-3.5781443844180134,-3.5781443844180134,0.0,True
1760488154.5523088,1.1878013610839844,9.519100189208984,backtracking,5.404167342931032,1760487974,1760488154.5523088,180.5523087978363,1760488004,30,-3.5781443844180134,-3.5781443844180134,0.0,True
1760488154.5523088,1.1878013610839844,9.519100189208984,backtracking,5.404167342931032,1760487974,1760488154.5523088,180.5523087978363,1760488005,31,-3.5781443844180134,-3.5781443844180134,0.0,True
1760488154.5523088,1.1878013610839844,9.519100189208984,backtracking,5.404167342931032,1760487974,1760488154.5523088,180.5523087978363,1760488006,32,-3.5781443844180134,-3.5781443844180134,0.0,True
1760488154.5523088,1.1878013610839844,9.519100189208984,backtracking,5.404167342931032,1760487974,1760488154.5523088,180.5523087978363,1760488007,33,-3.5781443844180134,-3.5781443844180134,0.0,True
1760488154.5523088,1.1878013610839844,9.519100189208984,backtracking,5.404167342931032,1760487974,1760488154.5523088,180.5523087978363,1760488008,34,-3.273712863599212,-3.273712863599212,0.0,True
1760488154.5523088,1.1878013610839844,9.519100189208984,backtracking,5.404167342931032,1760487974,1760488154.5523088,180.5523087978363,1760488009,35,-3.273712863599212,-3.273712863599212,0.0,True
1760488154.5523088,1.1878013610839844,9.519100189208984,backtracking,5.404167342931032,1760487974,1760488154.5523088,180.5523087978363,1760488010,36,-3.273712863599212,-3.273712863599212,0.0,True
1760488154.5523088,1.1878013610839844,9.519100189208984,backtracking,5.404167342931032,1760487974,1760488154.5523088,180.5523087978363,1760488011,37,-3.273712863599212,-3.273712863599212,0.0,True
1760488154.5523088,1.1878013610839844,9.519100189208984,backtracking,5.404167342931032,1760487974,1760488154.5523088,180.5523087978363,1760488012,38,-3.273712863599212,-3.273712863599212,0.0,True
1760488154.5523088,1.1878013610839844,9.519100189208984,backtracking,5.404167342931032,1760487974,1760488154.5523088,180.5523087978363,1760488013,39,-3.273712863599212,-3.273712863599212,0.0,True
1760488154.5523088,1.1878013610839844,9.519100189208984,backtracking,5.404167342931032,1760487974,1760488154.5523088,180.5523087978363,1760488014,40,-3.273712863599212,-3.273712863599212,0.0,True
1760488154.5523088,1.1878013610839844,9.519100189208984,backtracking,5.404167342931032,1760487974,1760488154.5523088,180.5523087978363,1760488015,41,-3.273712863599212,-3.273712863599212,0.0,True
1760488154.5523088,1.1878013610839844,9.519100189208984,backtracking,5.404167342931032,1760487974,1760488154.5523088,180.5523087978363,1760488016,42,-3.273712863599212,-3.273712863599212,0.0,True
1760488154.5523088,1.1878013610839844,9.519100189208984,backtracking,5.404167342931032,1760487974,1760488154.5523088,180.5523087978363,1760488017,43,-3.273712863599212,-3.273712863599212,0.0,True
1760488154.5523088,1.1878013610839844,9.519100189208984,backtracking,5.404167342931032,1760487974,1760488154.5523088,180.5523087978363,1760488018,44,-2.9692813427804103,-2.9692813427804103,0.0,True
1760488154.5523088,1.1878013610839844,9.519100189208984,backtracking,5.404167342931032,1760487974,1760488154.5523088,180.5523087978363,1760488019,45,-2.9692813427804103,-2.9692813427804103,0.0,True
1760488154.5523088,1.1878013610839844,9.519100189208984,backtracking,5.404167342931032,1760487974,1760488154.5523088,180.5523087978363,1760488020,46,-2.9692813427804103,-2.9692813427804103,0.0,True
1760488154.5523088,1.1878013610839844,9.519100189208984,backtracking,5.404167342931032,1760487974,1760488154.5523088,180.5523087978363,1760488021,47,-2.9692813427804103,-2.9692813427804103,0.0,True
1760488154.5523088,1.1878013610839844,9.519100189208984,backtracking,5.404167342931032,1760487974,1760488154.5523088,180.5523087978363,1760488022,48,-2.9692813427804103,-2.9692813427804103,0.0,True
1760488154.5523088,1.1878013610839844,9.519100189208984,backtracking,5.404167342931032,1760487974,1760488154.5523088,180.5523087978363,1760488023,49,-2.9692813427804103,-2.9692813427804103,0.0,True
1760488154.5523088,1.1878013610839844,9.519100189208984,backtracking,5.404167342931032,1760487974,1760488154.5523088,180.5523087978363,1760488024,50,-2.9692813427804103,-2.9692813427804103,0.0,True
1760488154.5523088,1.1878013610839844,9.519100189208984,backtracking,5.404167342931032,1760487974,1760488154.5523088,180.5523087978363,1760488025,51,-2.9692813427804103,-2.9692813427804103,0.0,True
1760488154.5523088,1.1878013610839844,9.519100189208984,backtracking,5.404167342931032,1760487974,1760488154.5523088,180.5523087978363,1760488026,52,-2.9692813427804103,-2.9692813427804103,0.0,True
1760488154.5523088,1.1878013610839844,9.519100189208984,backtracking,5.404167342931032,1760487974,1760488154.5523088,180.5523087978363,1760488027,53,-2.9692813427804103,-2.9692813427804103,0.0,True
1760488154.5523088,1.1878013610839844,9.519100189208984,backtracking,5.404167342931032,1760487974,1760488154.5523088,180.5523087978363,1760488028,54,-2.6648498219616084,-2.6648498219616084,0.0,True
1760488154.5523088,1.1878013610839844,9.519100189208984,backtracking,5.404167342931032,1760487974,1760488154.5523088,180.5523087978363,1760488029,55,-2.6648498219616084,-2.6648498219616084,0.0,True
1760488154.5523088,1.1878013610839844,9.519100189208984,backtracking,5.404167342931032,1760487974,1760488154.5523088,180.5523087978363,1760488030,56,-2.6648498219616084,-2.6648498219616084,0.0,True
1760488154.5523088,1.1878013610839844,9.519100189208984,backtracking,5.404167342931032,1760487974,1760488154.5523088,180.5523087978363,1760488031,57,-2.6648498219616084,-2.6648498219616084,0.0,True
1760488154.5523088,1.1878013610839844,9.519100189208984,backtracking,5.404167342931032,1760487974,1760488154.5523088,180.5523087978363,1760488032,58,-2.6648498219616084,-2.6648498219616084,0.0,True
1760488154.5523088,1.1878013610839844,9.519100189208984,backtracking,5.404167342931032,1760487974,1760488154.5523088,180.5523087978363,1760488033,59,-2.6648498219616084,-2.6648498219616084,0.0,True
1760488154.5523088,1.1878013610839844,9.519100189208984,backtracking,5.404167342931032,1760487974,1760488154.5523088,180.5523087978363,1760488034,60,-2.6648498219616084,-2.6648498219616084,0.0,True
1760488154.5523088,1.1878013610839844,9.519100189208984,backtracking,5.404167342931032,1760487974,1760488154.5523088,180.5523087978363,1760488035,61,-2.6648498219616084,-2.6648498219616084,0.0,True
1760488154.5523088,1.1878013610839844,9.519100189208984,backtracking,5.404167342931032,1760487974,1760488154.5523088,180.5523087978363,1760488036,62,-2.6648498219616084,-2.6648498219616084,0.0,True
1760488154.5523088,1.1878013610839844,9.519100189208984,backtracking,5.404167342931032,1760487974,1760488154.5523088,180.5523087978363,1760488037,63,-2.6648498219616084,-2.6648498219616084,0.0,True
1760488154.5523088,1.1878013610839844,9.519100189208984,backtracking,5.404167342931032,1760487974,1760488154.5523088,180.5523087978363,1760488038,64,-2.3604183011428064,-2.3604183011428064,0.0,True
1760488154.5523088,1.1878013610839844,9.519100189208984,backtracking,5.404167342931032,1760487974,1760488154.5523088,180.5523087978363,1760488039,65,-2.3604183011428064,-2.3604183011428064,0.0,True
1760488154.5523088,1.1878013610839844,9.519100189208984,backtracking,5.404167342931032,1760487974,1760488154.5523088,180.5523087978363,1760488040,66,-2.3604183011428064,-2.3604183011428064,0.0,True
1760488154.5523088,1.1878013610839844,9.519100189208984,backtracking,5.404167342931032,1760487974,1760488154.5523088,180.5523087978363,1760488041,67,-2.3604183011428064,-2.3604183011428064,0.0,True
1760488154.5523088,1.1878013610839844,9.519100189208984,backtracking,5.404167342931032,1760487974,1760488154.5523088,180.5523087978363,1760488042,68,-2.3604183011428064,-2.3604183011428064,0.0,True
1760488154.5523088,1.1878013610839844,9.519100189208984,backtracking,5.404167342931032,1760487974,1760488154.5523088,180.5523087978363,1760488043,69,-2.3604183011428064,-2.3604183011428064,0.0,True
1760488154.5523088,1.1878013610839844,9.519100189208984,backtracking,5.404167342931032,1760487974,1760488154.5523088,180.5523087978363,1760488044,70,-2.3604183011428064,-2.3604183011428064,0.0,True
1760488154.5523088,1.1878013610839844,9.519100189208984,backtracking,5.404167342931032,1760487974,1760488154.5523088,180.5523087978363,1760488045,71,-2.3604183011428064,-2.3604183011428064,0.0,True
1760488154.5523088,1.1878013610839844,9.519100189208984,backtracking,5.404167342931032,1760487974,1760488154.5523088,180.5523087978363,1760488046,72,-2.3604183011428064,-2.3604183011428064,0.0,True
1760488154.5523088,1.1878013610839844,9.519100189208984,backtracking,5.404167342931032,1760487974,1760488154.5523088,180.5523087978363,1760488047,73,-2.3604183011428064,-2.3604183011428064,0.0,True
1760488154.5523088,1.1878013610839844,9.519100189208984,backtracking,5.404167342931032,1760487974,1760488154.5523088,180.5523087978363,1760488048,74,-2.055986780324005,-2.055986780324005,0.0,True
1760488154.5523088,1.1878013610839844,9.519100189208984,backtracking,5.404167342931032,1760487974,1760488154.5523088,180.5523087978363,1760488049,75,-2.055986780324005,-2.055986780324005,0.0,True
1760488154.5523088,1.1878013610839844,9.519100189208984,backtracking,5.404167342931032,1760487974,1760488154.5523088,180.5523087978363,1760488050,76,-2.055986780324005,-2.055986780324005,0.0,True
1760488154.5523088,1.1878013610839844,9.519100189208984,backtracking,5.404167342931032,1760487974,1760488154.5523088,180.5523087978363,1760488051,77,-2.055986780324005,-2.055986780324005,0.0,True
1760488154.5523088,1.1878013610839844,9.519100189208984,backtracking,5.404167342931032,1760487974,1760488154.5523088,180.5523087978363,1760488052,78,-2.055986780324005,-2.055986780324005,0.0,True
1760488154.5523088,1.1878013610839844,9.519100189208984,backtracking,5.404167342931032,1760487974,1760488154.5523088,180.5523087978363,1760488053,79,-2.055986780324005,-2.055986780324005,0.0,True
1760488154.5523088,1.1878013610839844,9.519100189208984,backtracking,5.404167342931032,1760487974,1760488154.5523088,180.5523087978363,1760488054,80,-2.055986780324005,-2.055986780324005,0.0,True
1760488154.5523088,1.1878013610839844,9.519100189208984,backtracking,5.404167342931032,1760487974,1760488154.5523088,180.5523087978363,1760488055,81,-2.055986780324005,-2.055986780324005,0.0,True
1760488154.5523088,1.1878013610839844,9.519100189208984,backtracking,5.404167342931032,1760487974,1760488154.5523088,180.5523087978363,1760488056,82,-2.055986780324005,-2.055986780324005,0.0,True
1760488154.5523088,1.1878013610839844,9.519100189208984,backtracking,5.404167342931032,1760487974,1760488154.5523088,180.5523087978363,1760488057,83,-2.055986780324005,-2.055986780324005,0.0,True
1760488154.5523088,1.1878013610839844,9.519100189208984,backtracking,5.404167342931032,1760487974,1760488154.5523088,180.5523087978363,1760488058,84,-1.7515552595052035,-1.7515552595052035,0.0,True
1760488154.5523088,1.1878013610839844,9.519100189208984,backtracking,5.404167342931032,1760487974,1760488154.5523088,180.5523087978363,1760488059,85,-1.7515552595052035,-1.7515552595052035,0.0,True
1760488154.5523088,1.1878013610839844,9.519100189208984,backtracking,5.404167342931032,1760487974,1760488154.5523088,180.5523087978363,1760488060,86,-1.7515552595052035,-1.7515552595052035,0.0,True
1760488154.5523088,1.1878013610839844,9.519100189208984,backtracking,5.404167342931032,1760487974,1760488154.5523088,180.5523087978363,1760488061,87,-1.7515552595052035,-1.7515552595052035,0.0,True
1760488154.5523088,1.1878013610839844,9.519100189208984,backtracking,5.404167342931032,1760487974,1760488154.5523088,180.5523087978363,1760488062,88,-1.7515552595052035,-1.7515552595052035,0.0,True
1760488154.5523088,1.1878013610839844,9.519100189208984,backtracking,5.404167342931032,1760487974,1760488154.5523088,180.5523087978363,1760488063,89,-1.7515552595052035,-1.7515552595052035,0.0,True
1760488154.5523088,1.1878013610839844,9.519100189208984,backtracking,5.404167342931032,1760487974,1760488154.5523088,180.5523087978363,1760488064,90,-1.7515552595052035,-1.7515552595052035,0.0,True
1760488154.5523088,1.1878013610839844,9.519100189208984,backtracking,5.404167342931032,1760487974,1760488154.5523088,180.5523087978363,1760488065,91,-1.7515552595052035,-1.7515552595052035,0.0,True
1760488154.5523088,1.1878013610839844,9.519100189208984,backtracking,5.404167342931032,1760487974,1760488154.5523088,180.5523087978363,1760488066,92,-1.7515552595052035,-1.7515552595052035,0.0,True
1760488154.5523088,1.1878013610839844,9.519100189208984,backtracking,5.404167342931032,1760487974,1760488154.5523088,180.5523087978363,1760488067,93,-1.7515552595052035,-1.7515552595052035,0.0,True
1760488154.5523088,1.1878013610839844,9.519100189208984,backtracking,5.404167342931032,1760487974,1760488154.5523088,180.5523087978363,1760488068,94,-1.4471237386864013,-1.4471237386864013,0.0,True
1760488154.5523088,1.1878013610839844,9.519100189208984,backtracking,5.404167342931032,1760487974,1760488154.5523088,180.5523087978363,1760488069,95,-1.4471237386864013,-1.4471237386864013,0.0,True
1760488154.5523088,1.1878013610839844,9.519100189208984,backtracking,5.404167342931032,1760487974,1760488154.5523088,180.5523087978363,1760488070,96,-1.4471237386864013,-1.4471237386864013,0.0,True
1760488154.5523088,1.1878013610839844,9.519100189208984,backtracking,5.404167342931032,1760487974,1760488154.5523088,180.5523087978363,1760488071,97,-1.4471237386864013,-1.4471237386864013,0.0,True
1760488154.5523088,1.1878013610839844,9.519100189208984,backtracking,5.404167342931032,1760487974,1760488154.5523088,180.5523087978363,1760488072,98,-1.4471237386864013,-1.4471237386864013,0.0,True
1760488154.5523088,1.1878013610839844,9.519100189208984,backtracking,5.404167342931032,1760487974,1760488154.5523088,180.5523087978363,1760488073,99,-1.4471237386864013,-1.4471237386864013,0.0,True
1760488154.5523088,1.1878013610839844,9.519100189208984,backtracking,5.404167342931032,1760487974,1760488154.5523088,180.5523087978363,1760488074,100,-1.4471237386864013,-1.4471237386864013,0.0,True
1760488154.5523088,1.1878013610839844,9.519100189208984,backtracking,5.404167342931032,1760487974,1760488154.5523088,180.5523087978363,1760488075,101,-1.4471237386864013,-1.4471237386864013,0.0,True
1760488154.5523088,1.1878013610839844,9.519100189208984,backtracking,5.404167342931032,1760487974,1760488154.5523088,180.5523087978363,1760488076,102,-1.4471237386864013,-1.4471237386864013,0.0,True
1760488154.5523088,1.1878013610839844,9.519100189208984,backtracking,5.404167342931032,1760487974,1760488154.5523088,180.5523087978363,1760488077,103,-1.4471237386864013,-1.4471237386864013,0.0,True
1760488154.5523088,1.1878013610839844,9.519100189208984,backtracking,5.404167342931032,1760487974,1760488154.5523088,180.5523087978363,1760488078,104,-1.1426922178675998,-1.1426922178675998,0.0,True
1760488154.5523088,1.1878013610839844,9.519100189208984,backtracking,5.404167342931032,1760487974,1760488154.5523088,180.5523087978363,1760488079,105,-1.1426922178675998,-1.1426922178675998,0.0,True
1760488154.5523088,1.1878013610839844,9.519100189208984,backtracking,5.404167342931032,1760487974,1760488154.5523088,180.5523087978363,1760488080,106,-1.1426922178675998,-1.1426922178675998,0.0,True
1760488154.5523088,1.1878013610839844,9.519100189208984,backtracking,5.404167342931032,1760487974,1760488154.5523088,180.5523087978363,1760488081,107,-1.1426922178675998,-1.1426922178675998,0.0,True
1760488154.5523088,1.1878013610839844,9.519100189208984,backtracking,5.404167342931032,1760487974,1760488154.5523088,180.5523087978363,1760488082,108,-1.1426922178675998,-1.1426922178675998,0.0,True
1760488154.5523088,1.1878013610839844,9.519100189208984,backtracking,5.404167342931032,1760487974,1760488154.5523088,180.5523087978363,1760488083,109,-1.1426922178675998,-1.1426922178675998,0.0,True
1760488154.5523088,1.1878013610839844,9.519100189208984,backtracking,5.404167342931032,1760487974,1760488154.5523088,180.5523087978363,1760488084,110,-1.1426922178675998,-1.1426922178675998,0.0,True
1760488154.5523088,1.1878013610839844,9.519100189208984,backtracking,5.404167342931032,1760487974,1760488154.5523088,180.5523087978363,1760488085,111,-1.1426922178675998,-1.1426922178675998,0.0,True
1760488154.5523088,1.1878013610839844,9.519100189208984,backtracking,5.404167342931032,1760487974,1760488154.5523088,180.5523087978363,1760488086,112,-1.1426922178675998,-1.1426922178675998,0.0,True
1760488154.5523088,1.1878013610839844,9.519100189208984,backtracking,5.404167342931032,1760487974,1760488154.5523088,180.5523087978363,1760488087,113,-1.1426922178675998,-1.1426922178675998,0.0,True
1760488154.5523088,1.1878013610839844,9.519100189208984,backtracking,5.404167342931032,1760487974,1760488154.5523088,180.5523087978363,1760488088,114,-0.838260697048798,-0.838260697048798,0.0,True
1760488154.5523088,1.1878013610839844,9.519100189208984,backtracking,5.404167342931032,1760487974,1760488154.5523088,180.5523087978363,1760488089,115,-0.838260697048798,-0.838260697048798,0.0,True
1760488154.5523088,1.1878013610839844,9.519100189208984,backtracking,5.404167342931032,1760487974,1760488154.5523088,180.5523087978363,1760488090,116,-0.838260697048798,-0.838260697048798,0.0,True
1760488154.5523088,1.1878013610839844,9.519100189208984,backtracking,5.404167342931032,1760487974,1760488154.5523088,180.5523087978363,1760488091,117,-0.838260697048798,-0.838260697048798,0.0,True
1760488154.5523088,1.1878013610839844,9.519100189208984,backtracking,5.404167342931032,1760487974,1760488154.5523088,180.5523087978363,1760488092,118,-0.838260697048798,-0.838260697048798,0.0,True
1760488154.5523088,1.1878013610839844,9.519100189208984,backtracking,5.404167342931032,1760487974,1760488154.5523088,180.5523087978363,1760488093,119,-0.838260697048798,-0.838260697048798,0.0,True
1760488154.5523088,1.1878013610839844,9.519100189208984,backtracking,5.404167342931032,1760487974,1760488154.5523088,180.5523087978363,1760488094,120,-0.838260697048798,-0.838260697048798,0.0,True
1760488154.5523088,1.1878013610839844,9.519100189208984,backtracking,5.404167342931032,1760487974,1760488154.5523088,180.5523087978363,1760488095,121,-0.838260697048798,-0.838260697048798,0.0,True
1760488154.5523088,1.1878013610839844,9.519100189208984,backtracking,5.404167342931032,1760487974,1760488154.5523088,180.5523087978363,1760488096,122,-0.838260697048798,-0.838260697048798,0.0,True
1760488154.5523088,1.1878013610839844,9.519100189208984,backtracking,5.404167342931032,1760487974,1760488154.5523088,180.5523087978363,1760488097,123,-0.838260697048798,-0.838260697048798,0.0,True
1760488154.5523088,1.1878013610839844,9.519100189208984,backtracking,5.404167342931032,1760487974,1760488154.5523088,180.5523087978363,1760488098,124,-0.5338291762299967,-0.5338291762299967,0.0,True
1760488154.5523088,1.1878013610839844,9.519100189208984,backtracking,5.404167342931032,1760487974,1760488154.5523088,180.5523087978363,1760488099,125,-0.5338291762299967,-0.5338291762299967,0.0,True
1760488154.5523088,1.1878013610839844,9.519100189208984,backtracking,5.404167342931032,1760487974,1760488154.5523088,180.5523087978363,1760488100,126,-0.5338291762299967,-0.5338291762299967,0.0,True
1760488154.5523088,1.1878013610839844,9.519100189208984,backtracking,5.404167342931032,1760487974,1760488154.5523088,180.5523087978363,1760488101,127,-0.5338291762299967,-0.5338291762299967,0.0,True
1760488154.5523088,1.1878013610839844,9.519100189208984,backtracking,5.404167342931032,1760487974,1760488154.5523088,180.5523087978363,1760488102,128,-0.5338291762299967,-0.5338291762299967,0.0,True
1760488154.5523088,1.1878013610839844,9.519100189208984,backtracking,5.404167342931032,1760487974,1760488154.5523088,180.5523087978363,1760488103,129,-0.5338291762299967,-0.5338291762299967,0.0,True
1760488154.5523088,1.1878013610839844,9.519100189208984,backtracking,5.404167342931032,1760487974,1760488154.5523088,180.5523087978363,1760488104,130,-0.5338291762299967,-0.5338291762299967,0.0,True
1760488154.5523088,1.1878013610839844,9.519100189208984,backtracking,5.404167342931032,1760487974,1760488154.5523088,180.5523087978363,1760488105,131,-0.5338291762299967,-0.5338291762299967,0.0,True
1760488154.5523088,1.1878013610839844,9.519100189208984,backtracking,5.404167342931032,1760487974,1760488154.5523088,180.5523087978363,1760488106,132,-0.5338291762299967,-0.5338291762299967,0.0,True
1760488154.5523088,1.1878013610839844,9.519100189208984,backtracking,5.404167342931032,1760487974,1760488154.5523088,180.5523087978363,1760488107,133,-0.5338291762299967,-0.5338291762299967,0.0,True
1760488154.5523088,1.1878013610839844,9.519100189208984,backtracking,5.404167342931032,1760487974,1760488154.5523088,180.5523087978363,1760488108,134,-0.22939765541119506,-0.22939765541119506,0.0,True
1760488154.5523088,1.1878013610839844,9.519100189208984,backtracking,5.404167342931032,1760487974,1760488154.5523088,180.5523087978363,1760488109,135,-0.22939765541119506,-0.22939765541119506,0.0,True
1760488154.5523088,1.1878013610839844,9.519100189208984,backtracking,5.404167342931032,1760487974,1760488154.5523088,180.5523087978363,1760488110,136,-0.22939765541119506,-0.22939765541119506,0.0,True
1760488154.5523088,1.1878013610839844,9.519100189208984,backtracking,5.404167342931032,1760487974,1760488154.5523088,180.5523087978363,1760488111,137,-0.22939765541119506,-0.22939765541119506,0.0,True
1760488154.5523088,1.1878013610839844,9.519100189208984,backtracking,5.404167342931032,1760487974,1760488154.5523088,180.5523087978363,1760488112,138,-0.22939765541119506,-0.22939765541119506,0.0,True
1760488154.5523088,1.1878013610839844,9.519100189208984,backtracking,5.404167342931032,1760487974,1760488154.5523088,180.5523087978363,1760488113,139,-0.22939765541119506,-0.22939765541119506,0.0,True
1760488154.5523088,1.1878013610839844,9.519100189208984,backtracking,5.404167342931032,1760487974,1760488154.5523088,180.5523087978363,1760488114,140,-0.22939765541119506,-0.22939765541119506,0.0,True
1760488154.5523088,1.1878013610839844,9.519100189208984,backtracking,5.404167342931032,1760487974,1760488154.5523088,180.5523087978363,1760488115,141,-0.22939765541119506,-0.22939765541119506,0.0,True
1760488154.5523088,1.1878013610839844,9.519100189208984,backtracking,5.404167342931032,1760487974,1760488154.5523088,180.5523087978363,1760488116,142,-0.22939765541119506,-0.22939765541119506,0.0,True
1760488154.5523088,1.1878013610839844,9.519100189208984,backtracking,5.404167342931032,1760487974,1760488154.5523088,180.5523087978363,1760488117,143,-0.22939765541119506,-0.22939765541119506,0.0,True
1760488154.5523088,1.1878013610839844,9.519100189208984,backtracking,5.404167342931032,1760487974,1760488154.5523088,180.5523087978363,1760488118,144,0.07503386540760708,0.07503386540760708,0.0,True
1760488154.5523088,1.1878013610839844,9.519100189208984,backtracking,5.404167342931032,1760487974,1760488154.5523088,180.5523087978363,1760488119,145,0.07503386540760708,0.07503386540760708,0.0,True
1760488154.5523088,1.1878013610839844,9.519100189208984,backtracking,5.404167342931032,1760487974,1760488154.5523088,180.5523087978363,1760488120,146,0.07503386540760708,0.07503386540760708,0.0,True
1760488154.5523088,1.1878013610839844,9.519100189208984,backtracking,5.404167342931032,1760487974,1760488154.5523088,180.5523087978363,1760488121,147,0.07503386540760708,0.07503386540760708,0.0,True
1760488154.5523088,1.1878013610839844,9.519100189208984,backtracking,5.404167342931032,1760487974,1760488154.5523088,180.5523087978363,1760488122,148,0.07503386540760708,0.07503386540760708,0.0,True
1760488154.5523088,1.1878013610839844,9.519100189208984,backtracking,5.404167342931032,1760487974,1760488154.5523088,180.5523087978363,1760488123,149,0.07503386540760708,0.07503386540760708,0.0,True
1760488154.5523088,1.1878013610839844,9.519100189208984,backtracking,5.404167342931032,1760487974,1760488154.5523088,180.5523087978363,1760488124,150,0.07503386540760708,0.07503386540760708,0.0,True
1760488154.5523088,1.1878013610839844,9.519100189208984,backtracking,5.404167342931032,1760487974,1760488154.5523088,180.5523087978363,1760488125,151,0.07503386540760708,0.07503386540760708,0.0,True
1760488154.5523088,1.1878013610839844,9.519100189208984,backtracking,5.404167342931032,1760487974,1760488154.5523088,180.5523087978363,1760488126,152,0.07503386540760708,0.07503386540760708,0.0,True
1760488154.5523088,1.1878013610839844,9.519100189208984,backtracking,5.404167342931032,1760487974,1760488154.5523088,180.5523087978363,1760488127,153,0.07503386540760708,0.07503386540760708,0.0,True
1760488154.5523088,1.1878013610839844,9.519100189208984,backtracking,5.404167342931032,1760487974,1760488154.5523088,180.5523087978363,1760488128,154,0.3794653862264092,0.3794653862264092,0.0,True
1760488154.5523088,1.1878013610839844,9.519100189208984,backtracking,5.404167342931032,1760487974,1760488154.5523088,180.5523087978363,1760488129,155,0.3794653862264092,0.3794653862264092,0.0,True
1760488154.5523088,1.1878013610839844,9.519100189208984,backtracking,5.404167342931032,1760487974,1760488154.5523088,180.5523087978363,1760488130,156,0.3794653862264092,0.3794653862264092,0.0,True
1760488154.5523088,1.1878013610839844,9.519100189208984,backtracking,5.404167342931032,1760487974,1760488154.5523088,180.5523087978363,1760488131,157,0.3794653862264092,0.3794653862264092,0.0,True
1760488154.5523088,1.1878013610839844,9.519100189208984,backtracking,5.404167342931032,1760487974,1760488154.5523088,180.5523087978363,1760488132,158,0.3794653862264092,0.3794653862264092,0.0,True
1760488154.5523088,1.1878013610839844,9.519100189208984,backtracking,5.404167342931032,1760487974,1760488154.5523088,180.5523087978363,1760488133,159,0.3794653862264092,0.3794653862264092,0.0,True
1760488154.5523088,1.1878013610839844,9.519100189208984,backtracking,5.404167342931032,1760487974,1760488154.5523088,180.5523087978363,1760488134,160,0.3794653862264092,0.3794653862264092,0.0,True
1760488154.5523088,1.1878013610839844,9.519100189208984,backtracking,5.404167342931032,1760487974,1760488154.5523088,180.5523087978363,1760488135,161,0.3794653862264092,0.3794653862264092,0.0,True
1760488154.5523088,1.1878013610839844,9.519100189208984,backtracking,5.404167342931032,1760487974,1760488154.5523088,180.5523087978363,1760488136,162,0.3794653862264092,0.3794653862264092,0.0,True
1760488154.5523088,1.1878013610839844,9.519100189208984,backtracking,5.404167342931032,1760487974,1760488154.5523088,180.5523087978363,1760488137,163,0.3794653862264092,0.3794653862264092,0.0,True
1760488154.5523088,1.1878013610839844,9.519100189208984,backtracking,5.404167342931032,1760487974,1760488154.5523088,180.5523087978363,1760488138,164,0.6838969070452104,0.6838969070452104,0.0,True
1760488154.5523088,1.1878013610839844,9.519100189208984,backtracking,5.404167342931032,1760487974,1760488154.5523088,180.5523087978363,1760488139,165,0.6838969070452104,0.6838969070452104,0.0,True
1760488154.5523088,1.1878013610839844,9.519100189208984,backtracking,5.404167342931032,1760487974,1760488154.5523088,180.5523087978363,1760488140,166,0.6838969070452104,0.6838969070452104,0.0,True
1760488154.5523088,1.1878013610839844,9.519100189208984,backtracking,5.404167342931032,1760487974,1760488154.5523088,180.5523087978363,1760488141,167,0.6838969070452104,0.6838969070452104,0.0,True
1760488154.5523088,1.1878013610839844,9.519100189208984,backtracking,5.404167342931032,1760487974,1760488154.5523088,180.5523087978363,1760488142,168,0.6838969070452104,0.6838969070452104,0.0,True
1760488154.5523088,1.1878013610839844,9.519100189208984,backtracking,5.404167342931032,1760487974,1760488154.5523088,180.5523087978363,1760488143,169,0.6838969070452104,0.6838969070452104,0.0,True
1760488154.5523088,1.1878013610839844,9.519100189208984,backtracking,5.404167342931032,1760487974,1760488154.5523088,180.5523087978363,1760488144,170,0.6838969070452104,0.6838969070452104,0.0,True
1760488154.5523088,1.1878013610839844,9.519100189208984,backtracking,5.404167342931032,1760487974,1760488154.5523088,180.5523087978363,1760488145,171,0.6838969070452104,0.6838969070452104,0.0,True
1760488154.5523088,1.1878013610839844,9.519100189208984,backtracking,5.404167342931032,1760487974,1760488154.5523088,180.5523087978363,1760488146,172,0.6838969070452104,0.6838969070452104,0.0,True
1760488154.5523088,1.1878013610839844,9.519100189208984,backtracking,5.404167342931032,1760487974,1760488154.5523088,180.5523087978363,1760488147,173,0.6838969070452104,0.6838969070452104,0.0,True
1760488154.5523088,1.1878013610839844,9.519100189208984,backtracking,5.404167342931032,1760487974,1760488154.5523088,180.5523087978363,1760488148,174,0.9883284278640125,0.9883284278640125,0.0,True
1760488154.5523088,1.1878013610839844,9.519100189208984,backtracking,5.404167342931032,1760487974,1760488154.5523088,180.5523087978363,1760488149,175,0.9883284278640125,0.9883284278640125,0.0,True
1760488154.5523088,1.1878013610839844,9.519100189208984,backtracking,5.404167342931032,1760487974,1760488154.5523088,180.5523087978363,1760488150,176,0.9883284278640125,0.9883284278640125,0.0,True
1760488154.5523088,1.1878013610839844,9.519100189208984,backtracking,5.404167342931032,1760487974,1760488154.5523088,180.5523087978363,1760488151,177,0.9883284278640125,0.9883284278640125,0.0,True
1760488154.5523088,1.1878013610839844,9.519100189208984,backtracking,5.404167342931032,1760487974,1760488154.5523088,180.5523087978363,1760488152,178,0.9883284278640125,0.9883284278640125,0.0,True
1760488154.5523088,1.1878013610839844,9.519100189208984,backtracking,5.404167342931032,1760487974,1760488154.5523088,180.5523087978363,1760488153,179,0.9883284278640125,0.9883284278640125,0.0,True
1760488154.5523088,1.1878013610839844,9.519100189208984,backtracking,5.404167342931032,1760487974,1760488154.5523088,180.5523087978363,1760488154,180,1.1878013610839844,1.1878013610839844,0.0,False
